{
  "Config": {
    "lookback": 50,
    "horizon": 26,
    "lr": 0.001
  },
  "Metrics": {
    "DirAcc_all": [
      0.4642857142857143,
      0.5357142857142857,
      0.35714285714285715,
      0.42857142857142855,
      0.4642857142857143,
      0.5357142857142857,
      0.5714285714285714,
      0.35714285714285715,
      0.6428571428571429,
      0.35714285714285715,
      0.6071428571428571,
      0.6071428571428571,
      0.35714285714285715,
      0.6428571428571429,
      0.6428571428571429,
      0.35714285714285715,
      0.35714285714285715,
      0.35714285714285715,
      0.5714285714285714,
      0.39285714285714285,
      0.5714285714285714,
      0.39285714285714285,
      0.42857142857142855,
      0.5714285714285714,
      0.5357142857142857,
      0.42857142857142855
    ],
    "MAE_all": [
      469.3999328613281,
      448.8640441894531,
      411.171875,
      435.96063232421875,
      891.7201538085938,
      210.17578125,
      291.3699645996094,
      1432.1666259765625,
      585.1290893554688,
      1389.8616943359375,
      848.9964599609375,
      604.4970092773438,
      1786.6536865234375,
      1327.3270263671875,
      404.48126220703125,
      1005.9378051757812,
      1582.8914794921875,
      1945.894775390625,
      941.0653686523438,
      1968.4583740234375,
      1318.25,
      1437.3853759765625,
      2417.809814453125,
      2157.394775390625,
      1211.5242919921875,
      1856.7857666015625
    ],
    "RMSE_all": [
      502.0491447557699,
      487.63310682827927,
      461.0115576100018,
      493.5649811574966,
      924.5840280904705,
      237.54403374690344,
      349.01170736094224,
      1452.6938769059363,
      650.387024201744,
      1433.0631964431993,
      944.1419715805457,
      733.5699523562835,
      1855.6293406820232,
      1400.6235664874414,
      545.0625824160011,
      1110.2945555121848,
      1645.1397357063624,
      2017.6270096328508,
      1099.2293323051383,
      2061.329910518935,
      1473.4784525061777,
      1595.1032881917083,
      2498.8307265599246,
      2255.631397192369,
      1362.9720283263337,
      1981.6709489721043
    ],
    "R2_all": [
      -8.372119903564453,
      -7.750911712646484,
      -6.191036701202393,
      -7.093558311462402,
      -26.96382713317871,
      -0.8183703422546387,
      -1.9748055934906006,
      -37.90629196166992,
      -3.278006076812744,
      -14.96385669708252,
      -4.518796443939209,
      -2.057744026184082,
      -16.584157943725586,
      -8.28732967376709,
      -0.35534965991973877,
      -4.566741943359375,
      -11.111945152282715,
      -13.742761611938477,
      -2.8245224952697754,
      -10.996959686279297,
      -4.722441673278809,
      -5.454068183898926,
      -14.181957244873047,
      -10.942416191101074,
      -3.3056983947753906,
      -8.151289939880371
    ],
    "Best_Horizon": 8,
    "Best_DirAcc": 0.6429
  },
  "Loss": {
    "Train": [
      0.16937156518300375,
      0.1666198968887329,
      0.15358177572488785,
      0.15439299742380777,
      0.14908812940120697,
      0.13865044713020325,
      0.13670511543750763,
      0.12387441843748093,
      0.1194731742143631,
      0.11462141573429108,
      0.10605984429518382,
      0.10379358132680257,
      0.09640650699536006,
      0.0969809964299202,
      0.08930250257253647,
      0.0844856674472491,
      0.08760308474302292,
      0.08506607015927632,
      0.08016747981309891,
      0.07728129873673122,
      0.07767709841330846,
      0.0723453847070535,
      0.0663307582338651,
      0.06964558611313502,
      0.07014451920986176,
      0.06341347967584927,
      0.07036452119549115,
      0.06232444445292155,
      0.05832836031913757,
      0.06103470424811045,
      0.06032451614737511,
      0.06306272869308789,
      0.05702771991491318,
      0.06124298647046089,
      0.061075142274300255,
      0.05929150680700938,
      0.05802171677350998,
      0.05603394533197085,
      0.0556839294731617,
      0.05409468710422516
    ],
    "Val": [
      0.08033174276351929,
      0.07793983817100525,
      0.07549099624156952,
      0.0727662742137909,
      0.06969738006591797,
      0.06591528654098511,
      0.06112651154398918,
      0.05570634827017784,
      0.049819085747003555,
      0.04394747316837311,
      0.04111018031835556,
      0.038493283092975616,
      0.03611283004283905,
      0.033905092626810074,
      0.0317850336432457,
      0.02963581308722496,
      0.027576202526688576,
      0.02559089846909046,
      0.023586533963680267,
      0.021587427705526352,
      0.020525991916656494,
      0.019505122676491737,
      0.018527835607528687,
      0.017590433359146118,
      0.016743190586566925,
      0.015983402729034424,
      0.01531937811523676,
      0.014726090244948864,
      0.01421211939305067,
      0.01363843958824873,
      0.013388283550739288,
      0.013090048916637897,
      0.012784730643033981,
      0.012500572949647903,
      0.01225313451141119,
      0.012030113488435745,
      0.011841208674013615,
      0.01162930391728878,
      0.011407004669308662,
      0.011231672018766403
    ]
  }
}